center,supply,cap,utilization
CD07,49.0,720.0,0.06805555555555555
CD11,24.0,90.0,0.26666666666666666
CD01,0.0,11.0,0.0
CD04,70.0,145.0,0.4827586206896552
CD10,0.0,75.0,0.0
CD06,0.0,180.0,0.0
CD12,0.0,270.0,0.0
CD02,0.0,90.0,0.0
CD08,0.0,55.0,0.0
CD03,25.0,130.0,0.19230769230769232
CD05,80.0,260.0,0.3076923076923077
CD09,10.0,70.0,0.14285714285714285
