center,supply,cap,utilization
CD06,0.0,3.0,0.0
CD05,26.00000000002932,28.0,0.9285714285724758
CD10,0.0,1.0,0.0
CD12,17.999999999980428,18.0,0.9999999999989126
CD04,9.703099993805113e-14,4.0,2.4257749984512783e-14
CD11,14.999999999990184,16.0,0.9374999999993865
CD09,41.999999999999915,43.0,0.9767441860465097
CD03,0.0,0.0,0.0
CD07,0.0,0.0,0.0
CD02,0.0,10.0,0.0
CD01,2.316728809530064e-13,8.0,2.89591101191258e-14
CD08,-1.7459446402459547e-13,10.0,-1.7459446402459546e-14
