vehicle,from,to,flow
small van,C008,C007,26.999999999999687
small van,C003,C008,36.99999999999969
small van,C002,C001,85.99999999999969
small van,C005,C003,51.99999999999969
small van,C007,C009,14.999999999999687
small van,C004,C006,67.99999999999969
small van,C001,C004,73.99999999999969
small van,CD05,C002,100.99999999999969
small van,C006,C005,56.99999999999969
