vehicle,from,to,flow
V002,C001,C004,32.0
V002,C009,C010,60.0
V002,C010,C001,45.0
V002,C005,C009,79.9999999999999
V002,C004,C006,17.0
V002,C008,C005,99.9999999999999
V002,CD01,C008,120.0
V004,CD01,C003,44.0
V004,C003,C002,32.0
V004,C002,C007,17.0
