vehicle,from,to,flow
V002,C002,C006,11.00000000002932
V002,CD05,C002,26.000000000029225
V001,C005,C007,22.000000000003194
V001,C007,C008,9.99999999999652
V001,C003,C005,27.000000000002263
V001,CD09,C003,41.99999999999411
V003,C004,C001,11.999999999996772
V003,CD12,C004,17.99999999998046
V005,CD11,C009,14.999999999997515
