vehicle,distance_km,time_h,cost,load_delivered,capacity
V005,0.0,0.0,0.0,0.0,70.0
V006,46.662000000000006,1.1660000000000001,253535.74899999998,86.0,55.0
V007,0.0,0.0,0.0,0.0,110.0
V004,0.0,0.0,0.0,0.0,100.0
V003,0.0,0.0,0.0,0.0,120.0
V001,57.413000000000004,1.436,311950.92999999993,568.0,130.0
V008,7.056,0.176,38338.938,15.0,114.0
V002,52.400999999999996,1.311,284717.431,630.0,140.0
