vehicle,distance_km,time_h,cost,load_delivered,capacity
V006,0.0,0.0,0.0,0.0,22.682911535937688
V002,15.635,0.6249999999999999,52334.082,37.00000000005855,108.4356199315333
V001,21.761,0.87,69887.207,100.99999999999608,131.9211396722696
V003,20.997,0.8400000000000001,70284.51699999999,29.999999999977234,91.50425520531196
V005,6.878,0.276,23020.706,14.999999999997515,22.65262807032524
V004,0.0,0.0,0.0,0.0,32.896064077536955
