vehicle,distance_km,time_h,cost,load_delivered,capacity
V005,0.0,0.0,0.0,0.0,70.0
V002,47.367000000000004,1.184,257355.67100000003,453.9999999999998,140.0
V001,0.0,0.0,0.0,0.0,130.0
V004,32.069,0.801,174244.402,93.0,100.0
V003,0.0,0.0,0.0,0.0,120.0
V006,0.0,0.0,0.0,0.0,55.0
V008,0.0,0.0,0.0,0.0,114.0
V007,0.0,0.0,0.0,0.0,110.0
