VehicleId,DepotId,InitialLoad,RouteSequence,ClientsServed,DemandsSatisfied,TotalDistance,TotalTime,FuelCost
V001,CD12,18.0,CD12-C001-C004-CD12,2,12-6,20.997,50.400000000000006,67432.402
V002,CD09,42.0,CD09-C008-C007-C005-C003-CD09,4,10-12-5-15,21.761000000000003,52.2,72843.149
V004,CD05,26.0,CD05-C002-C006-CD05,2,15-11,15.635,37.49999999999999,54033.037
V005,CD11,15.0,CD11-C009-CD11,1,15,6.878,16.560000000000002,23020.706
