VehicleId,DepotId,InitialLoad,RouteSequence,ClientsServed,DemandsSatisfied,TotalDistance,TotalTime,FuelCost
V001,CD01,107.0,CD01-C006-C013-C002-C019-C007-C021-C012-CD01,7,17-21-15-11-17-14-12,44.843999999999994,67.32,24365.519
V002,CD01,136.0,CD01-C018-C017-C024-C016-C010-C001-C004-C015-C022-CD01,9,12-25-11-10-15-13-15-17-18,47.395999999999994,71.16,25752.401
V003,CD01,57.0,CD01-C020-C023-C003-C014-CD01,4,15-15-12-15,14.435000000000002,21.6,7842.439
V008,CD01,77.0,CD01-C008-C011-C009-C005-CD01,4,20-17-20-20,35.438,53.220000000000006,19254.695
