vehicle,i,j,dist_km,time_h,flow
V_L1,CD1,CL2,1.9624417848510058,0.07849767139404024,0.0
V_L1,CL2,CD1,1.9624417848510058,0.07849767139404024,0.0
V_M1,CD1,CL1,1.9624279015170725,0.0784971160606829,0.0
V_M1,CL1,CD1,1.9624279015170725,0.0784971160606829,0.0
