vehicle,active,dist_used_km,R_km,time_used_h,Tmax_h,load_sum,Q
V_L1,1,3.9248835697020117,50.0,0.15699534278808047,4.0,1.5,2.5
V_M1,1,3.924855803034145,60.0,0.1569942321213658,4.0,2.0,3.0
