vehicle,i,j,dist_km,time_h,fuel_cost,time_cost,km_cost,total_cost
V_L1,CD1,CL2,1.9624417848510058,0.07849767139404024,588.7325354405834,1177.4650709106036,588.7325354553018,2354.930141806489
V_L1,CL2,CD1,1.9624417848510058,0.07849767139404024,588.7325354405834,1177.4650709106036,588.7325354553018,2354.930141806489
V_M1,CD1,CL1,1.9624279015170725,0.0784971160606829,784.9711605806633,1569.9423212136578,981.2139507585363,3336.1274325528575
V_M1,CL1,CD1,1.9624279015170725,0.0784971160606829,784.9711605806633,1569.9423212136578,981.2139507585363,3336.1274325528575
