vehicle,total_dist_km,total_time_h,total_cost
V_L1,3.9248835697020117,0.15699534278808047,4709.860283612978
V_M1,3.924855803034145,0.1569942321213658,6672.254865105715
